Line,Code,Execution Count
1,"var _j=(e,t)=>()=>(t||e((t={exports:{}}).exports,t),t.exports);var GW=_j((tn,Lt)=>{function vj(e,t){...",15963
2,"}}return Object.freeze(Object.defineProperty(e,Symbol.toStringTag,{value:""Module""}))",2
3,"}(function(){const t=document.createElement(""link"").relList;if(t&&t.supports&&t.supports(""moduleprel...",2
4,;return a.integrity&&(s.integrity=a.integrity),2
5,",a.referrerPolicy&&(s.referrerPolicy=a.referrerPolicy),a.crossOrigin===""use-credentials""?s.credentia...",2
6,* @license React,2
7,* react.production.min.js,2
8,*,2
9,"* Copyright (c) Facebook, Inc. and its affiliates.",4328
10,*,2
11,* This source code is licensed under the MIT license found in the,2
12,* LICENSE file in the root directory of this source tree.,2
13,"*/var Ho=Symbol.for(""react.element""),yj=Symbol.for(""react.portal""),Mj=Symbol.for(""react.fragment""),x...",2
14,")):a!=null&&(Gm(a)&&(a=Tj(a,n+(!a.key||i&&i.key===a.key?"""":(""""+a.key).replace(p_,""$&/"")+""/"")+e)",2
15,"),t.push(a)),1;if(i=0,r=r===""""?""."":r+"":"",h_(e))for(var o=0;o<e.length;o++){s=e[o];var l=r+cd(s,o);i+...",2
16,* @license React,2
17,* react-jsx-runtime.production.min.js,3277
18,*,2
19,"* Copyright (c) Facebook, Inc. and its affiliates.",2
20,*,2
21,* This source code is licensed under the MIT license found in the,2
22,* LICENSE file in the root directory of this source tree.,2
23,"*/var Oj=h,Pj=Symbol.for(""react.element""),$j=Symbol.for(""react.fragment""),Hj=Object.prototype.hasOwn...",2
24,* @license React,2
25,* scheduler.production.min.js,1143
26,*,2
27,"* Copyright (c) Facebook, Inc. and its affiliates.",2
28,*,2
29,* This source code is licensed under the MIT license found in the,2
30,* LICENSE file in the root directory of this source tree.,2
31,"*/(function(e){function t(j,F){var R=j.length;j.push(F);e:for(;0<R;){var U=R-1>>>1,B=j[U];if(0<a(B,F...",2
32,* @license React,2
33,* react-dom.production.min.js,5412
34,*,2
35,"* Copyright (c) Facebook, Inc. and its affiliates.",2
36,*,2
37,* This source code is licensed under the MIT license found in the,66301
38,* LICENSE file in the root directory of this source tree.,52384
39,"*/var Rj=h,an=Ij;function W(e){for(var t=""https://reactjs.org/docs/error-decoder.html?invariant=""+e,...",2
40,"`+dd+e}var fd=!1;function md(e,t){if(!e||fd)return"""";fd=!0;var n=Error.prepareStackTrace;Error.prepa...",98596
41,"`),s=r.stack.split(`",2
42,"`),i=a.length-1,o=s.length-1;1<=i&&0<=o&&a[i]!==s[o];)o--;for(;1<=i&&0<=o;i--,o--)if(a[i]!==s[o]){if...",2
43,"`+a[i].replace("" at new "","" at "");return e.displayName&&l.includes(""<anonymous>"")&&(l=l.replace(""<an...",2
44,"))}}if(!(t&7)){e:{if(m=e===""mouseover""||e===""pointerover"",x=e===""mouseout""||e===""pointerout"",m&&n!==...",2
45,||v[Nr]))break e;if((x||m)&&(m=d.window===d?d:(m=d.ownerDocument)?m.defaultView||m.parentWindow:wind...,2
46,"),b?Y.data=b:(b=x0(n)",2
47,",b!==null&&(Y.data=b)))),(b=R2?z2(e,n):V2(e,n))&&(u=du(u,""onBeforeInput""),0<u.length&&(d=new T_(""onB...",2
48,"`).replace(aD,"""")}function fl(e,t,n){if(t=V_(t),V_(e)!==t&&n)throw Error(W(425))}function fu(){}var ...",2
49,Error generating stack: `+s.message+`,5260
50,"`+s.stack}return{value:e,source:t,stack:a,digest:null}}function Cd(e,t,n){return{value:e,source:null...",2
51,* @remix-run/router v1.16.1,2
52,*,2
53,* Copyright (c) Remix Software Inc.,2
54,*,2
55,* This source code is licensed under the MIT license found in the,2
56,* LICENSE.md file in the root directory of this source tree.,2
57,*,2
58,* @license MIT,813
59,*/function So(){return So=Object.assign?Object.assign.bind():function(e){for(var t=1;t<arguments.len...,2
60,* React Router v6.23.1,2
61,*,2
62,* Copyright (c) Remix Software Inc.,2
63,*,2
64,* This source code is licensed under the MIT license found in the,2
65,* LICENSE.md file in the root directory of this source tree.,2
66,*,2
67,* @license MIT,2180
68,*/function ko(){return ko=Object.assign?Object.assign.bind():function(e){for(var t=1;t<arguments.len...,2
69,* React Router DOM v6.23.1,2
70,*,2
71,* Copyright (c) Remix Software Inc.,2
72,*,2
73,* This source code is licensed under the MIT license found in the,2
74,* LICENSE.md file in the root directory of this source tree.,3370
75,*,3
76,* @license MIT,2
79,"J.version=""2.30.1"";VH(Ve);J.fn=G;J.min=EF;J.max=CF;J.now=NF;J.utc=cr;J.unix=o4;J.months=u4;J.isDate=...",12
80,"In order to be iterable, non-array objects must have a [Symbol.iterator]() method.`)}function Pn(e){...",12
81,"In order to be iterable, non-array objects must have a [Symbol.iterator]() method.`)}function $e(e,t...",1187
82,Copyright (c) 2018 Jed Watson.,2
83,"Licensed under the MIT License (MIT), see",2
84,http://jedwatson.github.io/classnames,2
85,"*/(function(e){(function(){var t={}.hasOwnProperty;function n(){for(var s="""",i=0;i<arguments.length;...",2
86,".concat(a+1),a!==null&&w),"""".concat(N,""-dragging""),l),O.handle),style:q(q(q({},P),i),C.handle)},j,x)...",302
87,* @license React,14
88,* react-is.production.min.js,14
89,*,750
90,"* Copyright (c) Facebook, Inc. and its affiliates.",467
91,*,2
92,* This source code is licensed under the MIT license found in the,2
93,* LICENSE file in the root directory of this source tree.,2
94,"*/var Ap=Symbol.for(""react.element""),Fp=Symbol.for(""react.portal""),Wc=Symbol.for(""react.fragment""),B...",2
95,"),r&&$.createElement($.Fragment,null,$.createElement(""div"",{className:""flex items-center""}",2
96,",$.createElement(J5,null)",57
97,"),$.createElement(qg,{date:P,onClickPrevious:Mt,onClickNext:Et,changeMonth:Zt,changeYear:Un,minDate:...",2
98,"`,children:[c.jsx(""button"",{className:`card bg-base-100 shadow-xl cursor-pointer",2
99,"${n.active==""239""?""border border-primary text-primary"":""""}`,onClick:()=>{r({active:""239""}),t({select...",2
100,"${n.active==""289""?""border border-primary text-primary"":""""}`,onClick:()=>{r({active:""289""}),t({select...",2
101,"0%, 80%, 100% { opacity: 0; }",2
102,40% { opacity: 1; },2
103,"`]))),W9=function(t,n){var r=t.isFocused,a=t.size,s=t.theme,i=s.colors,o=s.spacing.baseUnit;return q...",2
104,No Code,7325
105,No Code,2
106,No Code,2
107,No Code,78
108,No Code,2
109,No Code,2
110,No Code,1125
111,No Code,1
